#
# TABLE STRUCTURE FOR: admin
#

DROP TABLE IF EXISTS `admin`;

CREATE TABLE `admin` (
  `ADMIN_ID` int(11) NOT NULL AUTO_INCREMENT,
  `ADMIN_USERNAME` varchar(50) NOT NULL,
  `ADMIN_PASSWORD` varchar(50) NOT NULL,
  `ADMIN_NAMA` varchar(50) NOT NULL,
  PRIMARY KEY (`ADMIN_ID`),
  UNIQUE KEY `admin_username` (`ADMIN_USERNAME`)
) ENGINE=InnoDB AUTO_INCREMENT=2 DEFAULT CHARSET=utf8 ROW_FORMAT=COMPACT;

INSERT INTO `admin` (`ADMIN_ID`, `ADMIN_USERNAME`, `ADMIN_PASSWORD`, `ADMIN_NAMA`) VALUES ('1', 'admin', '97101111108112', 'Administrator');


#
# TABLE STRUCTURE FOR: hewan
#

DROP TABLE IF EXISTS `hewan`;

CREATE TABLE `hewan` (
  `HEWAN_ID` int(11) NOT NULL AUTO_INCREMENT,
  `HEWAN_NAMA` varchar(50) NOT NULL,
  `HEWAN_JENIS` enum('KAMBING','SAPI') NOT NULL,
  `HEWAN_HARGA` varchar(50) NOT NULL,
  `HEWAN_BERAT` varchar(50) NOT NULL,
  `HEWAN_URUT` int(11) NOT NULL,
  `HEWAN_STATUS` enum('TAMPIL','SEMBUNYI') NOT NULL,
  `HEWAN_ADD` int(11) NOT NULL,
  PRIMARY KEY (`HEWAN_ID`),
  UNIQUE KEY `HEWAN_NAMA` (`HEWAN_NAMA`)
) ENGINE=InnoDB AUTO_INCREMENT=5 DEFAULT CHARSET=utf8;

INSERT INTO `hewan` (`HEWAN_ID`, `HEWAN_NAMA`, `HEWAN_JENIS`, `HEWAN_HARGA`, `HEWAN_BERAT`, `HEWAN_URUT`, `HEWAN_STATUS`, `HEWAN_ADD`) VALUES ('1', 'KAMBING JAWA', 'KAMBING', '900000', '75 - 80 KG', '1', 'TAMPIL', '1539500718');
INSERT INTO `hewan` (`HEWAN_ID`, `HEWAN_NAMA`, `HEWAN_JENIS`, `HEWAN_HARGA`, `HEWAN_BERAT`, `HEWAN_URUT`, `HEWAN_STATUS`, `HEWAN_ADD`) VALUES ('2', 'KAMBING MADURA', 'KAMBING', '2000000', '80 - 90 KG', '2', 'TAMPIL', '1539500744');
INSERT INTO `hewan` (`HEWAN_ID`, `HEWAN_NAMA`, `HEWAN_JENIS`, `HEWAN_HARGA`, `HEWAN_BERAT`, `HEWAN_URUT`, `HEWAN_STATUS`, `HEWAN_ADD`) VALUES ('3', 'SAPI MADURA', 'SAPI', '13000000', '200 - 210 KG', '3', 'TAMPIL', '1539500779');
INSERT INTO `hewan` (`HEWAN_ID`, `HEWAN_NAMA`, `HEWAN_JENIS`, `HEWAN_HARGA`, `HEWAN_BERAT`, `HEWAN_URUT`, `HEWAN_STATUS`, `HEWAN_ADD`) VALUES ('4', 'SAPI MAKKAH', 'SAPI', '15000000', '200 - 215 KG', '4', 'TAMPIL', '1539500813');


#
# TABLE STRUCTURE FOR: info
#

DROP TABLE IF EXISTS `info`;

CREATE TABLE `info` (
  `INFO_ID` int(11) NOT NULL AUTO_INCREMENT,
  `INFO_LOGO` text NOT NULL,
  `INFO_META_DESC` text NOT NULL,
  `INFO_TENTANG` text NOT NULL,
  `INFO_FB` text NOT NULL,
  `INFO_INSTAGRAM` text NOT NULL,
  `INFO_YOUTUBE` text NOT NULL,
  `INFO_EMAIL` varchar(50) NOT NULL,
  `INFO_HP` varchar(50) NOT NULL,
  `INFO_ALAMAT` text NOT NULL,
  `INFO_RUN_TEXT` text NOT NULL,
  `INFO_RUN_TEXT_STATUS` enum('TAMPIL','SEMBUNYI') NOT NULL,
  `INFO_KETENTUAN` text NOT NULL,
  PRIMARY KEY (`INFO_ID`)
) ENGINE=InnoDB AUTO_INCREMENT=2 DEFAULT CHARSET=utf8;

INSERT INTO `info` (`INFO_ID`, `INFO_LOGO`, `INFO_META_DESC`, `INFO_TENTANG`, `INFO_FB`, `INFO_INSTAGRAM`, `INFO_YOUTUBE`, `INFO_EMAIL`, `INFO_HP`, `INFO_ALAMAT`, `INFO_RUN_TEXT`, `INFO_RUN_TEXT_STATUS`, `INFO_KETENTUAN`) VALUES ('1', 'sitaqur.png', 'tabungan qurban qurban online sistem tabungan qurban sistem qurban online', 'Lorem ipsum dolor sit amet, consectetur adipisicing elit, sed do eiusmod\r\n		tempor incididunt ut labore et dolore magna aliqua. Ut enim ad minim veniam,\r\n		quis nostrud exercitation ullamco laboris nisi ut aliquip ex ea commodo\r\n		consequat. Duis aute irure dolor in reprehenderit in voluptate velit esse\r\n		cillum dolore eu fugiat nulla pariatur. Excepteur sint occaecat cupidatat non\r\n		proident, sunt in culpa qui officia deserunt mollit anim id est laborum.\r\nLorem ipsum dolor sit amet, consectetur adipisicing elit, sed do eiusmod\r\n		tempor incididunt ut labore et dolore magna aliqua. Ut enim ad minim veniam,\r\n		quis nostrud exercitation ullamco laboris nisi ut aliquip ex ea commodo\r\n		consequat. Duis aute irure dolor in reprehenderit in voluptate velit esse\r\n		cillum dolore eu fugiat nulla pariatur. Excepteur sint occaecat cupidatat non\r\n		proident, sunt in culpa qui officia deserunt mollit anim id est laborum.', 'http://instagram.com/sitaqur', 'http://facebook.com/sitaqur', 'http://youtube.com/sitaqur', 'cs@qurbanapp.com', '085856361781', 'Kompleks PP. Darul \'Ulum Peterongan Jombang \r\nFakultas Sainstek Unipdu Jombang ', '© Assalamu\'alaikum wr. wb.  Sahabat qurban alhamdulillah sebentar lagi akan <span class=\"text-success\"> Segera diluncurkan <b>versi Alpha</b> </span> Sistem tabungan qurban <span class=\"text-success\">mohon do\'a restunya</span> terima kasih . <a href=\"tentang\">Info lebih lanjut</a>', 'TAMPIL', 'Lorem ipsum dolor sit amet, consectetur adipisicing elit, sed do eiusmod\r\n		tempor incididunt ut labore et dolore magna aliqua. Ut enim ad minim veniam,\r\n		quis nostrud exercitation ullamco laboris nisi ut aliquip ex ea commodo\r\n		consequat. Duis aute irure dolor in reprehenderit in voluptate velit esse\r\n		cillum dolore eu fugiat nulla pariatur. Excepteur sint occaecat cupidatat non\r\n		proident, sunt in culpa qui officia deserunt mollit anim id est laborum.\r\nLorem ipsum dolor sit amet, consectetur adipisicing elit, sed do eiusmod\r\n		tempor incididunt ut labore et dolore magna aliqua. Ut enim ad minim veniam,');


#
# TABLE STRUCTURE FOR: keranjang
#

DROP TABLE IF EXISTS `keranjang`;

CREATE TABLE `keranjang` (
  `KERANJANG_ID` int(11) NOT NULL AUTO_INCREMENT,
  `NOTA_NO` varchar(50) NOT NULL,
  `HEWAN_ID` int(11) NOT NULL,
  `KERANJANG_QTY` int(11) NOT NULL,
  PRIMARY KEY (`KERANJANG_ID`)
) ENGINE=InnoDB AUTO_INCREMENT=5 DEFAULT CHARSET=utf8;

INSERT INTO `keranjang` (`KERANJANG_ID`, `NOTA_NO`, `HEWAN_ID`, `KERANJANG_QTY`) VALUES ('1', 'QURBAN1539752416-2', '1', '1');
INSERT INTO `keranjang` (`KERANJANG_ID`, `NOTA_NO`, `HEWAN_ID`, `KERANJANG_QTY`) VALUES ('2', 'QURBAN1541771541-1', '1', '2');
INSERT INTO `keranjang` (`KERANJANG_ID`, `NOTA_NO`, `HEWAN_ID`, `KERANJANG_QTY`) VALUES ('3', 'QURBAN1541778226-1', '2', '1');
INSERT INTO `keranjang` (`KERANJANG_ID`, `NOTA_NO`, `HEWAN_ID`, `KERANJANG_QTY`) VALUES ('4', 'QURBAN1541814803-1', '1', '1');


#
# TABLE STRUCTURE FOR: lembaga
#

DROP TABLE IF EXISTS `lembaga`;

CREATE TABLE `lembaga` (
  `LEMBAGA_ID` int(11) NOT NULL AUTO_INCREMENT,
  `LEMBAGA_NAMA` varchar(50) NOT NULL,
  `LEMBAGA_HP` varchar(50) NOT NULL,
  `LEMBAGA_EMAIL` varchar(50) NOT NULL,
  `LEMBAGA_PASSWORD` varchar(100) NOT NULL,
  `LEMBAGA_ALAMAT` text NOT NULL,
  `LEMBAGA_LAT` varchar(50) NOT NULL,
  `LEMBAGA_LONG` varchar(50) NOT NULL,
  `LEMBAGA_STATUS` enum('TAMPIL','SEMBUNYI') NOT NULL,
  PRIMARY KEY (`LEMBAGA_ID`)
) ENGINE=InnoDB AUTO_INCREMENT=3 DEFAULT CHARSET=utf8;

INSERT INTO `lembaga` (`LEMBAGA_ID`, `LEMBAGA_NAMA`, `LEMBAGA_HP`, `LEMBAGA_EMAIL`, `LEMBAGA_PASSWORD`, `LEMBAGA_ALAMAT`, `LEMBAGA_LAT`, `LEMBAGA_LONG`, `LEMBAGA_STATUS`) VALUES ('1', 'PONDOK DARUL ULUM', '0321090090', 'humas@darululum.com', '1.0411811110012e54', 'PP DARUL ULUM PETERONGAN JOMBANG', '100.09', '101.01', 'TAMPIL');
INSERT INTO `lembaga` (`LEMBAGA_ID`, `LEMBAGA_NAMA`, `LEMBAGA_HP`, `LEMBAGA_EMAIL`, `LEMBAGA_PASSWORD`, `LEMBAGA_ALAMAT`, `LEMBAGA_LAT`, `LEMBAGA_LONG`, `LEMBAGA_STATUS`) VALUES ('2', 'YAYASAN QURAN AL HAKIM', '0321999999', 'humas@alhakim.com', '1.0411811110012e48', 'JLN. RAYA KEMERDEKAAN NO.10 JOMBANG', '90.12', '95.99', 'TAMPIL');


#
# TABLE STRUCTURE FOR: member
#

DROP TABLE IF EXISTS `member`;

CREATE TABLE `member` (
  `MEMBER_ID` int(11) NOT NULL AUTO_INCREMENT,
  `MEMBER_NIK` varchar(50) DEFAULT NULL,
  `MEMBER_EMAIL` varchar(50) NOT NULL,
  `MEMBER_NAMA` varchar(50) NOT NULL,
  `MEMBER_JK` enum('L','p') NOT NULL,
  `MEMBER_HP` varchar(50) NOT NULL,
  `MEMBER_FOTO` text,
  `MEMBER_VERIFIKASI` enum('BELUM','SUDAH') NOT NULL,
  `MEMBER_STATUS` enum('BARU','AKTIF','BLOKIR') NOT NULL,
  `MEMBER_PASSWORD` varchar(100) NOT NULL,
  `MEMBER_ALAMAT` text,
  `MEMBER_BANK` varchar(50) DEFAULT NULL,
  `MEMBER_NO_REK` varchar(50) DEFAULT NULL,
  `MEMBER_AN_REK` varchar(50) DEFAULT NULL,
  `MEMBER_ADD` int(11) NOT NULL,
  `MEMBER_PROVINSI` text,
  `MEMBER_KABUPATEN` text,
  `MEMBER_KECAMATAN` text,
  `MEMBER_DESA` text,
  PRIMARY KEY (`MEMBER_ID`),
  UNIQUE KEY `member_nip` (`MEMBER_EMAIL`)
) ENGINE=InnoDB AUTO_INCREMENT=5 DEFAULT CHARSET=utf8;

INSERT INTO `member` (`MEMBER_ID`, `MEMBER_NIK`, `MEMBER_EMAIL`, `MEMBER_NAMA`, `MEMBER_JK`, `MEMBER_HP`, `MEMBER_FOTO`, `MEMBER_VERIFIKASI`, `MEMBER_STATUS`, `MEMBER_PASSWORD`, `MEMBER_ALAMAT`, `MEMBER_BANK`, `MEMBER_NO_REK`, `MEMBER_AN_REK`, `MEMBER_ADD`, `MEMBER_PROVINSI`, `MEMBER_KABUPATEN`, `MEMBER_KECAMATAN`, `MEMBER_DESA`) VALUES ('1', '123456789', 'akun.zudi@gmail.com', 'EKO WAHYUDI', 'L', '085856361781', 'ikon_kecil.png', 'SUDAH', 'AKTIF', '97101111108112', 'RT.01 / RW.09 ', 'BRI', '998778887777', 'EKO WAHYUDI', '1539650811', 'JAMBI', 'KAB. MUARO JAMBI', ' BAHAR UTARA', 'PINANG TINGGI');
INSERT INTO `member` (`MEMBER_ID`, `MEMBER_NIK`, `MEMBER_EMAIL`, `MEMBER_NAMA`, `MEMBER_JK`, `MEMBER_HP`, `MEMBER_FOTO`, `MEMBER_VERIFIKASI`, `MEMBER_STATUS`, `MEMBER_PASSWORD`, `MEMBER_ALAMAT`, `MEMBER_BANK`, `MEMBER_NO_REK`, `MEMBER_AN_REK`, `MEMBER_ADD`, `MEMBER_PROVINSI`, `MEMBER_KABUPATEN`, `MEMBER_KECAMATAN`, `MEMBER_DESA`) VALUES ('2', '23253546578669', 'fadkur.asyari@gmail.com', 'ASYARI', 'L', '085655170762', 'ikon_kecil.png', 'SUDAH', 'AKTIF', '1.0798112106105e19', 'PETERONGAN', 'BRI', '12344545452767', 'KANG EKO', '1539751072', '', '', '', '');
INSERT INTO `member` (`MEMBER_ID`, `MEMBER_NIK`, `MEMBER_EMAIL`, `MEMBER_NAMA`, `MEMBER_JK`, `MEMBER_HP`, `MEMBER_FOTO`, `MEMBER_VERIFIKASI`, `MEMBER_STATUS`, `MEMBER_PASSWORD`, `MEMBER_ALAMAT`, `MEMBER_BANK`, `MEMBER_NO_REK`, `MEMBER_AN_REK`, `MEMBER_ADD`, `MEMBER_PROVINSI`, `MEMBER_KABUPATEN`, `MEMBER_KECAMATAN`, `MEMBER_DESA`) VALUES ('3', '3516163003840003', 'emilfaidah@gmail.com', 'EMILDA MUFIDAH', '', '085655446789', NULL, 'SUDAH', 'BARU', '1.0998117117121e24', 'DUSUN CANDISARI DESA JOMBATAN KECAMATAN KESAMBEN KABUPATEN JOMBANG', 'BNI', '436376172', 'MUKHAMAD MASRUR', '1540794813', '', '', '', '');
INSERT INTO `member` (`MEMBER_ID`, `MEMBER_NIK`, `MEMBER_EMAIL`, `MEMBER_NAMA`, `MEMBER_JK`, `MEMBER_HP`, `MEMBER_FOTO`, `MEMBER_VERIFIKASI`, `MEMBER_STATUS`, `MEMBER_PASSWORD`, `MEMBER_ALAMAT`, `MEMBER_BANK`, `MEMBER_NO_REK`, `MEMBER_AN_REK`, `MEMBER_ADD`, `MEMBER_PROVINSI`, `MEMBER_KABUPATEN`, `MEMBER_KECAMATAN`, `MEMBER_DESA`) VALUES ('4', '35161613003840003', 'mu.masrur@gmail.com', 'MUKHAMAD MASRUR', 'L', '085655446789', NULL, 'SUDAH', 'AKTIF', '1.0998117117121e24', 'CANDISARI RT/RW 003/001 DESA JOMBATAN KECAMATAN KESAMBEN KABUPATEN JOMBANG', 'BNI', '436376172', 'MUKHAMAD MASRUR', '1540955447', '', '', '', '');


#
# TABLE STRUCTURE FOR: nota
#

DROP TABLE IF EXISTS `nota`;

CREATE TABLE `nota` (
  `NOTA_ID` int(11) NOT NULL AUTO_INCREMENT,
  `MEMBER_ID` int(11) NOT NULL,
  `LEMBAGA_ID` int(11) NOT NULL,
  `NOTA_NO` varchar(50) NOT NULL,
  `NOTA_TOTAL` int(11) NOT NULL,
  `NOTA_CATATAN` text NOT NULL,
  `NOTA_STATUS` enum('PROSES','TERIMA') NOT NULL,
  `NOTA_ADD` date NOT NULL,
  `NOTA_TGL_TERIMA` date NOT NULL,
  `NOTA_GMB1` text,
  `NOTA_GMB2` text,
  `NOTA_GMB3` text,
  `NOTA_GMB4` text,
  PRIMARY KEY (`NOTA_ID`)
) ENGINE=InnoDB AUTO_INCREMENT=5 DEFAULT CHARSET=utf8;

INSERT INTO `nota` (`NOTA_ID`, `MEMBER_ID`, `LEMBAGA_ID`, `NOTA_NO`, `NOTA_TOTAL`, `NOTA_CATATAN`, `NOTA_STATUS`, `NOTA_ADD`, `NOTA_TGL_TERIMA`, `NOTA_GMB1`, `NOTA_GMB2`, `NOTA_GMB3`, `NOTA_GMB4`) VALUES ('1', '2', '2', 'QURBAN1539752416-2', '900000', 'KANG EKO', 'TERIMA', '2018-10-17', '2018-10-17', 'photo.jpg', 'photo1.jpg', 'photo2.jpg', 'photo3.jpg');
INSERT INTO `nota` (`NOTA_ID`, `MEMBER_ID`, `LEMBAGA_ID`, `NOTA_NO`, `NOTA_TOTAL`, `NOTA_CATATAN`, `NOTA_STATUS`, `NOTA_ADD`, `NOTA_TGL_TERIMA`, `NOTA_GMB1`, `NOTA_GMB2`, `NOTA_GMB3`, `NOTA_GMB4`) VALUES ('2', '1', '1', 'QURBAN1541771541-1', '1800000', 'ERTYUIOP', 'TERIMA', '2018-11-09', '2018-11-09', '067361800_1442825157-liputan6_kurban_673x373.jpg', 'google_logo_wall_android_26167_1600x1200.jpg', 'Qurban_5.jpg', 'images.jpg');
INSERT INTO `nota` (`NOTA_ID`, `MEMBER_ID`, `LEMBAGA_ID`, `NOTA_NO`, `NOTA_TOTAL`, `NOTA_CATATAN`, `NOTA_STATUS`, `NOTA_ADD`, `NOTA_TGL_TERIMA`, `NOTA_GMB1`, `NOTA_GMB2`, `NOTA_GMB3`, `NOTA_GMB4`) VALUES ('3', '1', '1', 'QURBAN1541778226-1', '2000000', 'ISMAIL', 'PROSES', '2018-11-09', '0000-00-00', NULL, NULL, NULL, NULL);
INSERT INTO `nota` (`NOTA_ID`, `MEMBER_ID`, `LEMBAGA_ID`, `NOTA_NO`, `NOTA_TOTAL`, `NOTA_CATATAN`, `NOTA_STATUS`, `NOTA_ADD`, `NOTA_TGL_TERIMA`, `NOTA_GMB1`, `NOTA_GMB2`, `NOTA_GMB3`, `NOTA_GMB4`) VALUES ('4', '1', '1', 'QURBAN1541814803-1', '900000', 'MAS AVAN ', 'TERIMA', '2018-11-10', '2018-11-10', '067361800_1442825157-liputan6_kurban_673x3731.jpg', 'Qurban_51.jpg', 'Qurban_52.jpg', '067361800_1442825157-liputan6_kurban_673x3732.jpg');


#
# TABLE STRUCTURE FOR: pengunjung
#

DROP TABLE IF EXISTS `pengunjung`;

CREATE TABLE `pengunjung` (
  `PENGUNJUNG_ID` int(11) NOT NULL AUTO_INCREMENT,
  `PENGUNJUNG_IP` varchar(50) NOT NULL,
  `PENGUNJUNG_TGL` date NOT NULL,
  PRIMARY KEY (`PENGUNJUNG_ID`)
) ENGINE=InnoDB AUTO_INCREMENT=91 DEFAULT CHARSET=utf8;

INSERT INTO `pengunjung` (`PENGUNJUNG_ID`, `PENGUNJUNG_IP`, `PENGUNJUNG_TGL`) VALUES ('1', '::1', '2018-10-14');
INSERT INTO `pengunjung` (`PENGUNJUNG_ID`, `PENGUNJUNG_IP`, `PENGUNJUNG_TGL`) VALUES ('2', '::1', '2018-10-15');
INSERT INTO `pengunjung` (`PENGUNJUNG_ID`, `PENGUNJUNG_IP`, `PENGUNJUNG_TGL`) VALUES ('3', '114.4.82.221', '2018-10-15');
INSERT INTO `pengunjung` (`PENGUNJUNG_ID`, `PENGUNJUNG_IP`, `PENGUNJUNG_TGL`) VALUES ('4', '8.37.232.185', '2018-10-16');
INSERT INTO `pengunjung` (`PENGUNJUNG_ID`, `PENGUNJUNG_IP`, `PENGUNJUNG_TGL`) VALUES ('5', '114.4.82.221', '2018-10-16');
INSERT INTO `pengunjung` (`PENGUNJUNG_ID`, `PENGUNJUNG_IP`, `PENGUNJUNG_TGL`) VALUES ('6', '128.30.52.134', '2018-10-16');
INSERT INTO `pengunjung` (`PENGUNJUNG_ID`, `PENGUNJUNG_IP`, `PENGUNJUNG_TGL`) VALUES ('7', '128.30.52.64', '2018-10-16');
INSERT INTO `pengunjung` (`PENGUNJUNG_ID`, `PENGUNJUNG_IP`, `PENGUNJUNG_TGL`) VALUES ('8', '66.249.82.72', '2018-10-16');
INSERT INTO `pengunjung` (`PENGUNJUNG_ID`, `PENGUNJUNG_IP`, `PENGUNJUNG_TGL`) VALUES ('9', '66.249.82.70', '2018-10-16');
INSERT INTO `pengunjung` (`PENGUNJUNG_ID`, `PENGUNJUNG_IP`, `PENGUNJUNG_TGL`) VALUES ('10', '71.114.67.62', '2018-10-16');
INSERT INTO `pengunjung` (`PENGUNJUNG_ID`, `PENGUNJUNG_IP`, `PENGUNJUNG_TGL`) VALUES ('11', '209.85.238.93', '2018-10-16');
INSERT INTO `pengunjung` (`PENGUNJUNG_ID`, `PENGUNJUNG_IP`, `PENGUNJUNG_TGL`) VALUES ('12', '66.249.93.60', '2018-10-16');
INSERT INTO `pengunjung` (`PENGUNJUNG_ID`, `PENGUNJUNG_IP`, `PENGUNJUNG_TGL`) VALUES ('13', '66.249.93.194', '2018-10-16');
INSERT INTO `pengunjung` (`PENGUNJUNG_ID`, `PENGUNJUNG_IP`, `PENGUNJUNG_TGL`) VALUES ('14', '209.85.238.89', '2018-10-16');
INSERT INTO `pengunjung` (`PENGUNJUNG_ID`, `PENGUNJUNG_IP`, `PENGUNJUNG_TGL`) VALUES ('15', '66.249.81.28', '2018-10-16');
INSERT INTO `pengunjung` (`PENGUNJUNG_ID`, `PENGUNJUNG_IP`, `PENGUNJUNG_TGL`) VALUES ('16', '8.37.232.36', '2018-10-16');
INSERT INTO `pengunjung` (`PENGUNJUNG_ID`, `PENGUNJUNG_IP`, `PENGUNJUNG_TGL`) VALUES ('17', '66.102.8.154', '2018-10-16');
INSERT INTO `pengunjung` (`PENGUNJUNG_ID`, `PENGUNJUNG_IP`, `PENGUNJUNG_TGL`) VALUES ('18', '66.102.8.152', '2018-10-16');
INSERT INTO `pengunjung` (`PENGUNJUNG_ID`, `PENGUNJUNG_IP`, `PENGUNJUNG_TGL`) VALUES ('19', '8.37.232.166', '2018-10-16');
INSERT INTO `pengunjung` (`PENGUNJUNG_ID`, `PENGUNJUNG_IP`, `PENGUNJUNG_TGL`) VALUES ('20', '8.37.232.17', '2018-10-16');
INSERT INTO `pengunjung` (`PENGUNJUNG_ID`, `PENGUNJUNG_IP`, `PENGUNJUNG_TGL`) VALUES ('21', '120.188.92.92', '2018-10-16');
INSERT INTO `pengunjung` (`PENGUNJUNG_ID`, `PENGUNJUNG_IP`, `PENGUNJUNG_TGL`) VALUES ('22', '120.188.92.92', '2018-10-17');
INSERT INTO `pengunjung` (`PENGUNJUNG_ID`, `PENGUNJUNG_IP`, `PENGUNJUNG_TGL`) VALUES ('23', '8.37.232.58', '2018-10-17');
INSERT INTO `pengunjung` (`PENGUNJUNG_ID`, `PENGUNJUNG_IP`, `PENGUNJUNG_TGL`) VALUES ('24', '120.188.67.188', '2018-10-17');
INSERT INTO `pengunjung` (`PENGUNJUNG_ID`, `PENGUNJUNG_IP`, `PENGUNJUNG_TGL`) VALUES ('25', '114.4.215.73', '2018-10-17');
INSERT INTO `pengunjung` (`PENGUNJUNG_ID`, `PENGUNJUNG_IP`, `PENGUNJUNG_TGL`) VALUES ('26', '8.37.230.253', '2018-10-17');
INSERT INTO `pengunjung` (`PENGUNJUNG_ID`, `PENGUNJUNG_IP`, `PENGUNJUNG_TGL`) VALUES ('27', '116.206.40.64', '2018-10-17');
INSERT INTO `pengunjung` (`PENGUNJUNG_ID`, `PENGUNJUNG_IP`, `PENGUNJUNG_TGL`) VALUES ('28', '120.188.67.123', '2018-10-17');
INSERT INTO `pengunjung` (`PENGUNJUNG_ID`, `PENGUNJUNG_IP`, `PENGUNJUNG_TGL`) VALUES ('29', '157.185.130.206', '2018-10-17');
INSERT INTO `pengunjung` (`PENGUNJUNG_ID`, `PENGUNJUNG_IP`, `PENGUNJUNG_TGL`) VALUES ('30', '131.220.6.94', '2018-10-17');
INSERT INTO `pengunjung` (`PENGUNJUNG_ID`, `PENGUNJUNG_IP`, `PENGUNJUNG_TGL`) VALUES ('31', '66.249.65.187', '2018-10-20');
INSERT INTO `pengunjung` (`PENGUNJUNG_ID`, `PENGUNJUNG_IP`, `PENGUNJUNG_TGL`) VALUES ('32', '66.249.65.189', '2018-10-20');
INSERT INTO `pengunjung` (`PENGUNJUNG_ID`, `PENGUNJUNG_IP`, `PENGUNJUNG_TGL`) VALUES ('33', '36.82.97.64', '2018-10-20');
INSERT INTO `pengunjung` (`PENGUNJUNG_ID`, `PENGUNJUNG_IP`, `PENGUNJUNG_TGL`) VALUES ('34', '8.37.232.40', '2018-10-20');
INSERT INTO `pengunjung` (`PENGUNJUNG_ID`, `PENGUNJUNG_IP`, `PENGUNJUNG_TGL`) VALUES ('35', '114.4.214.238', '2018-10-20');
INSERT INTO `pengunjung` (`PENGUNJUNG_ID`, `PENGUNJUNG_IP`, `PENGUNJUNG_TGL`) VALUES ('36', '36.81.192.217', '2018-10-20');
INSERT INTO `pengunjung` (`PENGUNJUNG_ID`, `PENGUNJUNG_IP`, `PENGUNJUNG_TGL`) VALUES ('37', '157.185.130.204', '2018-10-21');
INSERT INTO `pengunjung` (`PENGUNJUNG_ID`, `PENGUNJUNG_IP`, `PENGUNJUNG_TGL`) VALUES ('38', '114.125.110.250', '2018-10-22');
INSERT INTO `pengunjung` (`PENGUNJUNG_ID`, `PENGUNJUNG_IP`, `PENGUNJUNG_TGL`) VALUES ('39', '114.125.109.249', '2018-10-22');
INSERT INTO `pengunjung` (`PENGUNJUNG_ID`, `PENGUNJUNG_IP`, `PENGUNJUNG_TGL`) VALUES ('40', '114.125.125.233', '2018-10-22');
INSERT INTO `pengunjung` (`PENGUNJUNG_ID`, `PENGUNJUNG_IP`, `PENGUNJUNG_TGL`) VALUES ('41', '64.233.173.3', '2018-10-22');
INSERT INTO `pengunjung` (`PENGUNJUNG_ID`, `PENGUNJUNG_IP`, `PENGUNJUNG_TGL`) VALUES ('42', '114.125.111.228', '2018-10-22');
INSERT INTO `pengunjung` (`PENGUNJUNG_ID`, `PENGUNJUNG_IP`, `PENGUNJUNG_TGL`) VALUES ('43', '66.249.65.189', '2018-10-23');
INSERT INTO `pengunjung` (`PENGUNJUNG_ID`, `PENGUNJUNG_IP`, `PENGUNJUNG_TGL`) VALUES ('44', '118.136.3.128', '2018-10-24');
INSERT INTO `pengunjung` (`PENGUNJUNG_ID`, `PENGUNJUNG_IP`, `PENGUNJUNG_TGL`) VALUES ('45', '120.188.85.98', '2018-10-25');
INSERT INTO `pengunjung` (`PENGUNJUNG_ID`, `PENGUNJUNG_IP`, `PENGUNJUNG_TGL`) VALUES ('46', '66.249.65.121', '2018-10-26');
INSERT INTO `pengunjung` (`PENGUNJUNG_ID`, `PENGUNJUNG_IP`, `PENGUNJUNG_TGL`) VALUES ('47', '114.125.95.32', '2018-10-26');
INSERT INTO `pengunjung` (`PENGUNJUNG_ID`, `PENGUNJUNG_IP`, `PENGUNJUNG_TGL`) VALUES ('48', '36.82.99.37', '2018-10-26');
INSERT INTO `pengunjung` (`PENGUNJUNG_ID`, `PENGUNJUNG_IP`, `PENGUNJUNG_TGL`) VALUES ('49', '66.249.65.125', '2018-10-27');
INSERT INTO `pengunjung` (`PENGUNJUNG_ID`, `PENGUNJUNG_IP`, `PENGUNJUNG_TGL`) VALUES ('50', '66.249.79.155', '2018-10-29');
INSERT INTO `pengunjung` (`PENGUNJUNG_ID`, `PENGUNJUNG_IP`, `PENGUNJUNG_TGL`) VALUES ('51', '36.81.207.105', '2018-10-29');
INSERT INTO `pengunjung` (`PENGUNJUNG_ID`, `PENGUNJUNG_IP`, `PENGUNJUNG_TGL`) VALUES ('52', '112.215.240.170', '2018-10-29');
INSERT INTO `pengunjung` (`PENGUNJUNG_ID`, `PENGUNJUNG_IP`, `PENGUNJUNG_TGL`) VALUES ('53', '114.4.220.228', '2018-10-29');
INSERT INTO `pengunjung` (`PENGUNJUNG_ID`, `PENGUNJUNG_IP`, `PENGUNJUNG_TGL`) VALUES ('54', '66.102.8.56', '2018-10-29');
INSERT INTO `pengunjung` (`PENGUNJUNG_ID`, `PENGUNJUNG_IP`, `PENGUNJUNG_TGL`) VALUES ('55', '66.102.8.58', '2018-10-29');
INSERT INTO `pengunjung` (`PENGUNJUNG_ID`, `PENGUNJUNG_IP`, `PENGUNJUNG_TGL`) VALUES ('56', '8.37.232.19', '2018-10-29');
INSERT INTO `pengunjung` (`PENGUNJUNG_ID`, `PENGUNJUNG_IP`, `PENGUNJUNG_TGL`) VALUES ('57', '36.73.223.111', '2018-10-30');
INSERT INTO `pengunjung` (`PENGUNJUNG_ID`, `PENGUNJUNG_IP`, `PENGUNJUNG_TGL`) VALUES ('58', '120.188.64.220', '2018-10-30');
INSERT INTO `pengunjung` (`PENGUNJUNG_ID`, `PENGUNJUNG_IP`, `PENGUNJUNG_TGL`) VALUES ('59', '112.215.241.143', '2018-10-30');
INSERT INTO `pengunjung` (`PENGUNJUNG_ID`, `PENGUNJUNG_IP`, `PENGUNJUNG_TGL`) VALUES ('60', '36.73.223.111', '2018-10-31');
INSERT INTO `pengunjung` (`PENGUNJUNG_ID`, `PENGUNJUNG_IP`, `PENGUNJUNG_TGL`) VALUES ('61', '125.164.128.45', '2018-10-31');
INSERT INTO `pengunjung` (`PENGUNJUNG_ID`, `PENGUNJUNG_IP`, `PENGUNJUNG_TGL`) VALUES ('62', '114.125.110.213', '2018-10-31');
INSERT INTO `pengunjung` (`PENGUNJUNG_ID`, `PENGUNJUNG_IP`, `PENGUNJUNG_TGL`) VALUES ('63', '114.125.108.202', '2018-10-31');
INSERT INTO `pengunjung` (`PENGUNJUNG_ID`, `PENGUNJUNG_IP`, `PENGUNJUNG_TGL`) VALUES ('64', '114.125.127.196', '2018-10-31');
INSERT INTO `pengunjung` (`PENGUNJUNG_ID`, `PENGUNJUNG_IP`, `PENGUNJUNG_TGL`) VALUES ('65', '114.125.108.88', '2018-10-31');
INSERT INTO `pengunjung` (`PENGUNJUNG_ID`, `PENGUNJUNG_IP`, `PENGUNJUNG_TGL`) VALUES ('66', '114.125.110.200', '2018-10-31');
INSERT INTO `pengunjung` (`PENGUNJUNG_ID`, `PENGUNJUNG_IP`, `PENGUNJUNG_TGL`) VALUES ('67', '114.125.111.212', '2018-10-31');
INSERT INTO `pengunjung` (`PENGUNJUNG_ID`, `PENGUNJUNG_IP`, `PENGUNJUNG_TGL`) VALUES ('68', '114.125.126.197', '2018-10-31');
INSERT INTO `pengunjung` (`PENGUNJUNG_ID`, `PENGUNJUNG_IP`, `PENGUNJUNG_TGL`) VALUES ('69', '114.125.109.203', '2018-10-31');
INSERT INTO `pengunjung` (`PENGUNJUNG_ID`, `PENGUNJUNG_IP`, `PENGUNJUNG_TGL`) VALUES ('70', '114.125.110.233', '2018-10-31');
INSERT INTO `pengunjung` (`PENGUNJUNG_ID`, `PENGUNJUNG_IP`, `PENGUNJUNG_TGL`) VALUES ('71', '114.125.124.72', '2018-10-31');
INSERT INTO `pengunjung` (`PENGUNJUNG_ID`, `PENGUNJUNG_IP`, `PENGUNJUNG_TGL`) VALUES ('72', '182.1.97.69', '2018-10-31');
INSERT INTO `pengunjung` (`PENGUNJUNG_ID`, `PENGUNJUNG_IP`, `PENGUNJUNG_TGL`) VALUES ('73', '182.1.96.236', '2018-10-31');
INSERT INTO `pengunjung` (`PENGUNJUNG_ID`, `PENGUNJUNG_IP`, `PENGUNJUNG_TGL`) VALUES ('74', '182.1.113.85', '2018-10-31');
INSERT INTO `pengunjung` (`PENGUNJUNG_ID`, `PENGUNJUNG_IP`, `PENGUNJUNG_TGL`) VALUES ('75', '182.1.115.109', '2018-10-31');
INSERT INTO `pengunjung` (`PENGUNJUNG_ID`, `PENGUNJUNG_IP`, `PENGUNJUNG_TGL`) VALUES ('76', '182.1.113.197', '2018-10-31');
INSERT INTO `pengunjung` (`PENGUNJUNG_ID`, `PENGUNJUNG_IP`, `PENGUNJUNG_TGL`) VALUES ('77', '114.125.127.127', '2018-10-31');
INSERT INTO `pengunjung` (`PENGUNJUNG_ID`, `PENGUNJUNG_IP`, `PENGUNJUNG_TGL`) VALUES ('78', '66.249.65.121', '2018-11-01');
INSERT INTO `pengunjung` (`PENGUNJUNG_ID`, `PENGUNJUNG_IP`, `PENGUNJUNG_TGL`) VALUES ('79', '114.4.219.99', '2018-11-01');
INSERT INTO `pengunjung` (`PENGUNJUNG_ID`, `PENGUNJUNG_IP`, `PENGUNJUNG_TGL`) VALUES ('80', '120.188.34.29', '2018-11-01');
INSERT INTO `pengunjung` (`PENGUNJUNG_ID`, `PENGUNJUNG_IP`, `PENGUNJUNG_TGL`) VALUES ('81', '::1', '2018-11-02');
INSERT INTO `pengunjung` (`PENGUNJUNG_ID`, `PENGUNJUNG_IP`, `PENGUNJUNG_TGL`) VALUES ('82', '::1', '2018-11-03');
INSERT INTO `pengunjung` (`PENGUNJUNG_ID`, `PENGUNJUNG_IP`, `PENGUNJUNG_TGL`) VALUES ('83', '::1', '2018-11-04');
INSERT INTO `pengunjung` (`PENGUNJUNG_ID`, `PENGUNJUNG_IP`, `PENGUNJUNG_TGL`) VALUES ('84', '::1', '2018-11-05');
INSERT INTO `pengunjung` (`PENGUNJUNG_ID`, `PENGUNJUNG_IP`, `PENGUNJUNG_TGL`) VALUES ('85', '::1', '2018-11-06');
INSERT INTO `pengunjung` (`PENGUNJUNG_ID`, `PENGUNJUNG_IP`, `PENGUNJUNG_TGL`) VALUES ('86', '::1', '2018-11-07');
INSERT INTO `pengunjung` (`PENGUNJUNG_ID`, `PENGUNJUNG_IP`, `PENGUNJUNG_TGL`) VALUES ('87', '::1', '2018-11-09');
INSERT INTO `pengunjung` (`PENGUNJUNG_ID`, `PENGUNJUNG_IP`, `PENGUNJUNG_TGL`) VALUES ('88', '::1', '2018-11-10');
INSERT INTO `pengunjung` (`PENGUNJUNG_ID`, `PENGUNJUNG_IP`, `PENGUNJUNG_TGL`) VALUES ('89', '::1', '2018-11-14');
INSERT INTO `pengunjung` (`PENGUNJUNG_ID`, `PENGUNJUNG_IP`, `PENGUNJUNG_TGL`) VALUES ('90', '::1', '2018-11-17');


#
# TABLE STRUCTURE FOR: rekening
#

DROP TABLE IF EXISTS `rekening`;

CREATE TABLE `rekening` (
  `REKENING_ID` int(11) NOT NULL AUTO_INCREMENT,
  `REKENING_NAMA` varchar(50) NOT NULL,
  `REKENING_NO` varchar(50) NOT NULL,
  `REKENING_AN` varchar(50) NOT NULL,
  `REKENING_STATUS` enum('TAMPIL','SEMBUNYI') NOT NULL,
  `REKENING_ADD` int(11) NOT NULL,
  PRIMARY KEY (`REKENING_ID`)
) ENGINE=InnoDB AUTO_INCREMENT=5 DEFAULT CHARSET=utf8;

INSERT INTO `rekening` (`REKENING_ID`, `REKENING_NAMA`, `REKENING_NO`, `REKENING_AN`, `REKENING_STATUS`, `REKENING_ADD`) VALUES ('1', 'BRI', '098-090-000-990', 'TABUNGAN QURBAN', 'TAMPIL', '1538747285');
INSERT INTO `rekening` (`REKENING_ID`, `REKENING_NAMA`, `REKENING_NO`, `REKENING_AN`, `REKENING_STATUS`, `REKENING_ADD`) VALUES ('2', 'BCA', '777-888-999-768', 'TABUNGAN QURBAN', 'TAMPIL', '1538747351');
INSERT INTO `rekening` (`REKENING_ID`, `REKENING_NAMA`, `REKENING_NO`, `REKENING_AN`, `REKENING_STATUS`, `REKENING_ADD`) VALUES ('3', 'MANDIRI', '777-888-999-765', 'TABUNGAN QURBAN', 'TAMPIL', '1538747369');
INSERT INTO `rekening` (`REKENING_ID`, `REKENING_NAMA`, `REKENING_NO`, `REKENING_AN`, `REKENING_STATUS`, `REKENING_ADD`) VALUES ('4', 'BNI', '876-909-888-000', 'TABUNGAN QURBAN', 'TAMPIL', '1538747383');


#
# TABLE STRUCTURE FOR: saran
#

DROP TABLE IF EXISTS `saran`;

CREATE TABLE `saran` (
  `SARAN_ID` int(11) NOT NULL AUTO_INCREMENT,
  `SARAN_NAMA` varchar(50) NOT NULL,
  `SARAN_EMAIL` varchar(50) NOT NULL,
  `SARAN_ISI` text NOT NULL,
  `SARAN_STATUS` enum('BELUM','SUDAH') NOT NULL,
  `SARAN_ADD` int(11) NOT NULL,
  PRIMARY KEY (`SARAN_ID`)
) ENGINE=InnoDB AUTO_INCREMENT=4 DEFAULT CHARSET=utf8;

INSERT INTO `saran` (`SARAN_ID`, `SARAN_NAMA`, `SARAN_EMAIL`, `SARAN_ISI`, `SARAN_STATUS`, `SARAN_ADD`) VALUES ('1', 'AHMAD', 'dh@gmail.com', '', 'SUDAH', '1539566447');
INSERT INTO `saran` (`SARAN_ID`, `SARAN_NAMA`, `SARAN_EMAIL`, `SARAN_ISI`, `SARAN_STATUS`, `SARAN_ADD`) VALUES ('2', 'EKO WAHYDI', 'akun.zudi@gmail.com', 'Tambah fitur penarikan tabungan', 'SUDAH', '1539569073');
INSERT INTO `saran` (`SARAN_ID`, `SARAN_NAMA`, `SARAN_EMAIL`, `SARAN_ISI`, `SARAN_STATUS`, `SARAN_ADD`) VALUES ('3', 'EKO WAHYUDI', 'akun.zudi@gmail.com', 'Saya melaporkan URL ini rusak localhost:8080/ci__sitaqur/masuka					  			', 'SUDAH', '1541758858');


#
# TABLE STRUCTURE FOR: slider
#

DROP TABLE IF EXISTS `slider`;

CREATE TABLE `slider` (
  `SLIDER_ID` int(11) NOT NULL AUTO_INCREMENT,
  `SLIDER_GMB` text NOT NULL,
  `SLIDER_LINK` text NOT NULL,
  `SLIDER_STATUS` enum('TAMPIL','SEMBUNYI') NOT NULL,
  `SLIDER_ADD` int(11) NOT NULL,
  PRIMARY KEY (`SLIDER_ID`)
) ENGINE=InnoDB AUTO_INCREMENT=10 DEFAULT CHARSET=utf8;

INSERT INTO `slider` (`SLIDER_ID`, `SLIDER_GMB`, `SLIDER_LINK`, `SLIDER_STATUS`, `SLIDER_ADD`) VALUES ('1', '2.png', 'google.com', 'SEMBUNYI', '1539400148');
INSERT INTO `slider` (`SLIDER_ID`, `SLIDER_GMB`, `SLIDER_LINK`, `SLIDER_STATUS`, `SLIDER_ADD`) VALUES ('2', 'Penguins1.jpg', 'google.com', 'SEMBUNYI', '1539400343');
INSERT INTO `slider` (`SLIDER_ID`, `SLIDER_GMB`, `SLIDER_LINK`, `SLIDER_STATUS`, `SLIDER_ADD`) VALUES ('3', 'Koala1.jpg', 'google.com', 'SEMBUNYI', '1539400436');
INSERT INTO `slider` (`SLIDER_ID`, `SLIDER_GMB`, `SLIDER_LINK`, `SLIDER_STATUS`, `SLIDER_ADD`) VALUES ('4', '067361800_1442825157-liputan6_kurban_673x373.jpg', 'google.com', 'TAMPIL', '1539401375');
INSERT INTO `slider` (`SLIDER_ID`, `SLIDER_GMB`, `SLIDER_LINK`, `SLIDER_STATUS`, `SLIDER_ADD`) VALUES ('5', 'Lighthouse.jpg', 'google.com', 'SEMBUNYI', '1539409816');
INSERT INTO `slider` (`SLIDER_ID`, `SLIDER_GMB`, `SLIDER_LINK`, `SLIDER_STATUS`, `SLIDER_ADD`) VALUES ('6', 'wallhaven-320709.png', 'google.com', 'SEMBUNYI', '1539410825');
INSERT INTO `slider` (`SLIDER_ID`, `SLIDER_GMB`, `SLIDER_LINK`, `SLIDER_STATUS`, `SLIDER_ADD`) VALUES ('7', 'Qurban_5.jpg', 'google.com', 'TAMPIL', '1539422536');
INSERT INTO `slider` (`SLIDER_ID`, `SLIDER_GMB`, `SLIDER_LINK`, `SLIDER_STATUS`, `SLIDER_ADD`) VALUES ('8', '1d149b69ee48b05ec0f859d605ec07d9.jpg', 'google.com', 'TAMPIL', '1539423654');
INSERT INTO `slider` (`SLIDER_ID`, `SLIDER_GMB`, `SLIDER_LINK`, `SLIDER_STATUS`, `SLIDER_ADD`) VALUES ('9', 'Qurban_5.jpg', 'google.com', 'SEMBUNYI', '1541746551');


#
# TABLE STRUCTURE FOR: tabungan
#

DROP TABLE IF EXISTS `tabungan`;

CREATE TABLE `tabungan` (
  `TABUNGAN_ID` int(11) NOT NULL AUTO_INCREMENT,
  `MEMBER_ID` int(11) NOT NULL,
  `REKENING_ID` int(11) NOT NULL,
  `TABUNGAN_NOMINAL` int(11) NOT NULL,
  `TABUNGAN_TGL` date NOT NULL,
  `TABUNGAN_BUKTI` text NOT NULL,
  `TABUNGAN_CATATAN` text,
  `TABUNGAN_STATUS` enum('PROSES','TERIMA','TOLAK') NOT NULL,
  `TABUNGAN_ADD` int(11) NOT NULL,
  PRIMARY KEY (`TABUNGAN_ID`)
) ENGINE=InnoDB AUTO_INCREMENT=9 DEFAULT CHARSET=utf8;

INSERT INTO `tabungan` (`TABUNGAN_ID`, `MEMBER_ID`, `REKENING_ID`, `TABUNGAN_NOMINAL`, `TABUNGAN_TGL`, `TABUNGAN_BUKTI`, `TABUNGAN_CATATAN`, `TABUNGAN_STATUS`, `TABUNGAN_ADD`) VALUES ('1', '1', '1', '1000000', '2018-10-16', 'Qurban_5.jpg', 'mohon maaf', 'TOLAK', '1539708212');
INSERT INTO `tabungan` (`TABUNGAN_ID`, `MEMBER_ID`, `REKENING_ID`, `TABUNGAN_NOMINAL`, `TABUNGAN_TGL`, `TABUNGAN_BUKTI`, `TABUNGAN_CATATAN`, `TABUNGAN_STATUS`, `TABUNGAN_ADD`) VALUES ('2', '1', '1', '500000', '2018-10-17', 'photo.jpg', 'Terimakasih telah menabung', 'TERIMA', '1539712021');
INSERT INTO `tabungan` (`TABUNGAN_ID`, `MEMBER_ID`, `REKENING_ID`, `TABUNGAN_NOMINAL`, `TABUNGAN_TGL`, `TABUNGAN_BUKTI`, `TABUNGAN_CATATAN`, `TABUNGAN_STATUS`, `TABUNGAN_ADD`) VALUES ('3', '2', '1', '0', '2018-10-18', 'Untitled.png', 'Masukkan nominal yang sesuai ', 'TOLAK', '1539751513');
INSERT INTO `tabungan` (`TABUNGAN_ID`, `MEMBER_ID`, `REKENING_ID`, `TABUNGAN_NOMINAL`, `TABUNGAN_TGL`, `TABUNGAN_BUKTI`, `TABUNGAN_CATATAN`, `TABUNGAN_STATUS`, `TABUNGAN_ADD`) VALUES ('4', '2', '1', '1000000', '2018-10-18', 'Untitled1.png', 'Terima kasih ', 'TERIMA', '1539751584');
INSERT INTO `tabungan` (`TABUNGAN_ID`, `MEMBER_ID`, `REKENING_ID`, `TABUNGAN_NOMINAL`, `TABUNGAN_TGL`, `TABUNGAN_BUKTI`, `TABUNGAN_CATATAN`, `TABUNGAN_STATUS`, `TABUNGAN_ADD`) VALUES ('5', '4', '4', '12000', '2018-10-31', 'IMG_5945.PNG', NULL, 'PROSES', '1540957122');
INSERT INTO `tabungan` (`TABUNGAN_ID`, `MEMBER_ID`, `REKENING_ID`, `TABUNGAN_NOMINAL`, `TABUNGAN_TGL`, `TABUNGAN_BUKTI`, `TABUNGAN_CATATAN`, `TABUNGAN_STATUS`, `TABUNGAN_ADD`) VALUES ('6', '1', '1', '200000', '2018-11-09', '1d149b69ee48b05ec0f859d605ec07d9.jpg', NULL, 'PROSES', '1541730896');
INSERT INTO `tabungan` (`TABUNGAN_ID`, `MEMBER_ID`, `REKENING_ID`, `TABUNGAN_NOMINAL`, `TABUNGAN_TGL`, `TABUNGAN_BUKTI`, `TABUNGAN_CATATAN`, `TABUNGAN_STATUS`, `TABUNGAN_ADD`) VALUES ('7', '1', '1', '5000000', '2018-11-09', '067361800_1442825157-liputan6_kurban_673x373.jpg', 'terima', 'TERIMA', '1541770496');
INSERT INTO `tabungan` (`TABUNGAN_ID`, `MEMBER_ID`, `REKENING_ID`, `TABUNGAN_NOMINAL`, `TABUNGAN_TGL`, `TABUNGAN_BUKTI`, `TABUNGAN_CATATAN`, `TABUNGAN_STATUS`, `TABUNGAN_ADD`) VALUES ('8', '1', '2', '50000', '2018-11-10', 'images.jpg', 'Terima kasih', 'TERIMA', '1541814711');


#
# TABLE STRUCTURE FOR: uploads
#

DROP TABLE IF EXISTS `uploads`;

CREATE TABLE `uploads` (
  `UPLOADS_ID` int(11) NOT NULL AUTO_INCREMENT,
  `UPLOADS_FILE` text NOT NULL,
  `UPLOADS_ADD` int(11) NOT NULL,
  PRIMARY KEY (`UPLOADS_ID`)
) ENGINE=InnoDB AUTO_INCREMENT=45 DEFAULT CHARSET=utf8;

INSERT INTO `uploads` (`UPLOADS_ID`, `UPLOADS_FILE`, `UPLOADS_ADD`) VALUES ('30', 'sitaqur.png', '1539499371');
INSERT INTO `uploads` (`UPLOADS_ID`, `UPLOADS_FILE`, `UPLOADS_ADD`) VALUES ('37', '1d149b69ee48b05ec0f859d605ec07d9.jpg', '1541174678');
INSERT INTO `uploads` (`UPLOADS_ID`, `UPLOADS_FILE`, `UPLOADS_ADD`) VALUES ('38', '1d149b69ee48b05ec0f859d605ec07d91.jpg', '1541746197');
INSERT INTO `uploads` (`UPLOADS_ID`, `UPLOADS_FILE`, `UPLOADS_ADD`) VALUES ('39', '067361800_1442825157-liputan6_kurban_673x373.jpg', '1541746211');
INSERT INTO `uploads` (`UPLOADS_ID`, `UPLOADS_FILE`, `UPLOADS_ADD`) VALUES ('41', 'Qurban_5.jpg', '1541746379');
INSERT INTO `uploads` (`UPLOADS_ID`, `UPLOADS_FILE`, `UPLOADS_ADD`) VALUES ('42', 'google_logo_wall_android_26167_1600x1200.jpg', '1541815919');
INSERT INTO `uploads` (`UPLOADS_ID`, `UPLOADS_FILE`, `UPLOADS_ADD`) VALUES ('43', '067361800_1442825157-liputan6_kurban_673x3731.jpg', '1541816014');
INSERT INTO `uploads` (`UPLOADS_ID`, `UPLOADS_FILE`, `UPLOADS_ADD`) VALUES ('44', 'Qurban_51.jpg', '1541816014');


